,main_image,1_image,1_image_score,2_image,2_image_score,3_image,3_image_score
0,image_1079,image_0626,2562,image_0228,2803,image_0057,2949
1,image_0772,image_0937,1801,image_0910,1803,image_1031,1986
2,image_1307,image_1282,2481,image_0136,2545,image_0801,2594
3,image_0127,image_1166,598,image_0591,741,image_0200,864
4,image_0479,image_0944,1332,image_0246,1710,image_0016,1751
5,image_1250,image_1239,1504,image_0845,1547,image_0591,1631
6,image_0948,image_0894,294,image_0591,328,image_0845,452
7,image_0964,image_1098,501,image_1184,828,image_0566,845
8,image_0953,image_0050,2370,image_0136,2466,image_0603,2480
9,image_0151,image_0123,10,image_0626,1335,image_0633,1591
10,image_0973,image_0059,1674,image_0050,2216,image_0797,3372
11,image_0724,image_1187,2578,image_0557,3078,image_1014,3975
12,image_1196,image_0257,1162,image_0200,1296,image_0591,1433
13,image_0386,image_0612,1016,image_0333,1039,image_0316,1057
14,image_0692,image_1354,787,image_0257,951,image_1188,985
15,image_0832,image_0853,0,image_0363,1378,image_0457,1404
16,image_0603,image_0611,167,image_0257,2613,image_0688,2685
17,image_1261,image_1212,1107,image_0175,1693,image_1276,1723
18,image_0163,image_0466,949,image_0557,1287,image_1303,1890
19,image_0807,image_0557,1633,image_0099,2641,image_0257,3130
20,image_0894,image_0948,99,image_0591,320,image_1013,367
21,image_1227,image_1339,1803,image_0234,1965,image_0566,2121
22,image_1046,image_0230,2182,image_0101,2368,image_1259,2437
23,image_0100,image_0090,10,image_0036,1260,image_0246,1334
24,image_0502,image_1183,1116,image_1006,1468,image_1166,1557
25,image_1095,image_0621,2125,image_0637,2143,image_1090,2208
26,image_0268,image_0257,2369,image_0466,2386,image_0737,2429
27,image_0261,image_0316,673,image_0084,692,image_0246,789
28,image_0316,image_1135,309,image_0591,331,image_0566,557
29,image_1257,image_0345,1060,image_0363,1174,image_0111,1199
30,image_0688,image_0668,486,image_0581,834,image_1188,1022
31,image_1238,image_0186,1504,image_0557,1569,image_1181,1598
32,image_0534,image_0207,1033,image_0142,1136,image_0097,1148
33,image_0303,image_1303,1631,image_0363,2332,image_0457,2371
34,image_1111,image_1354,2114,image_1118,3138,image_1044,3949
35,image_1317,image_0133,3172,image_0257,3402,image_0219,4348
36,image_0737,image_0022,1029,image_0591,1187,image_0257,1518
37,image_1204,image_1339,1528,image_1236,1546,image_0852,1555
38,image_0247,image_0193,998,image_1153,998,image_1144,998
39,image_0962,image_1002,0,image_1129,503,image_1006,776
40,image_0646,image_0679,90,image_0653,2524,image_0650,2563
41,image_0429,image_0460,0,image_0466,4373,image_0404,4586
42,image_0131,image_0181,1069,image_0875,1122,image_0097,1227
43,image_0758,image_0592,978,image_0965,1045,image_1196,1211
44,image_0128,image_0145,1371,image_0121,1557,image_0089,1617
45,image_0107,image_0366,1757,image_0376,2133,image_0144,2257
46,image_0279,image_0151,2098,image_0123,2243,image_0283,2422
47,image_0567,image_0591,1092,image_0845,1259,image_1325,1573
48,image_0877,image_1336,1895,image_1181,2260,image_0257,2847
49,image_0683,image_1354,1786,image_0334,2622,image_0257,2757
50,image_0904,image_0902,1134,image_0739,1788,image_0918,1877
51,image_0331,image_0136,1165,image_1187,1308,image_1196,1597
52,image_0483,image_0101,721,image_1277,780,image_0200,943
53,image_0245,image_0316,430,image_0874,449,image_0363,467
54,image_1316,image_0101,1031,image_0084,1101,image_0096,1106
55,image_0815,image_0363,1614,image_0261,1617,image_1303,1666
56,image_1255,image_0101,1096,image_0095,1163,image_0104,1208
57,image_1355,image_0130,2483,image_0637,2650,image_1090,2752
58,image_0625,image_0228,1337,image_0602,1456,image_0375,1475
59,image_0600,image_1034,1584,image_1169,1782,image_0573,1893
60,image_0930,image_0144,2319,image_0100,2435,image_0941,2441
61,image_0708,image_0681,2706,image_0707,3047,image_0652,3404
62,image_0333,image_0612,578,image_0720,594,image_0291,626
63,image_1043,image_1112,1333,image_0543,1654,image_0068,1782
64,image_0614,image_1354,461,image_1193,1347,image_0557,2110
65,image_0833,image_0860,0,image_1235,689,image_0875,727
66,image_1207,image_0874,712,image_0822,791,image_1325,949
67,image_0186,image_1166,975,image_0591,1271,image_0200,1307
68,image_1326,image_1310,667,image_0272,3019,image_0254,3659
69,image_0995,image_1020,1,image_0996,815,image_1018,1243
70,image_0089,image_0591,339,image_1166,355,image_0874,405
71,image_0003,image_0581,2657,image_0537,3373,image_0614,3455
72,image_1084,image_0637,1498,image_0116,2011,image_0095,2061
73,image_1199,image_1183,335,image_1166,403,image_0566,476
74,image_1153,image_0485,1259,image_0247,1259,image_1303,1289
75,image_0413,image_0456,0,image_1230,695,image_0085,1535
76,image_0370,image_0382,1260,image_0591,1402,image_0291,1415
77,image_0035,image_0411,2392,image_0468,2392,image_1122,2505
78,image_0485,image_0257,1877,image_1139,2424,image_0182,2882
79,image_0565,image_0875,897,image_0597,949,image_0101,1018
80,image_0741,image_1303,1344,image_0557,1936,image_0797,3237
81,image_0978,image_0955,1073,image_0948,1294,image_0791,2074
82,image_1116,image_1076,2342,image_0257,2640,image_1174,3056
83,image_0477,image_0492,5183,image_0539,5795,image_0487,6435
84,image_0970,image_0072,1497,image_0969,1663,image_1174,1711
85,image_1273,image_0095,1140,image_0098,1662,image_1222,1843
86,image_1161,image_0247,2460,image_1164,2556,image_0591,2786
87,image_0216,image_1170,1236,image_1151,1238,image_1142,1259
88,image_0072,image_1129,798,image_0557,1408,image_0099,1411
89,image_0195,image_0109,2295,image_0115,2356,image_0073,2409
90,image_0293,image_0331,1962,image_0618,2565,image_0172,2568
91,image_0446,image_0418,0,image_1325,3321,image_0591,3332
92,image_0731,image_0765,2,image_0597,1028,image_1098,1063
93,image_0857,image_0187,1291,image_1238,1611,image_0237,1635
94,image_0910,image_0937,0,image_1006,293,image_0948,371
95,image_0781,image_0791,2052,image_0074,3209,image_0567,3288
96,image_1241,image_1201,663,image_1325,672,image_0291,761
97,image_0411,image_0468,0,image_0948,545,image_0257,711
98,image_0940,image_0257,2726,image_0992,2892,image_1011,2892
99,image_0258,image_1107,2512,image_1190,3095,image_1336,3122
100,image_0294,image_1085,1348,image_1160,1724,image_1174,1907
101,image_0788,image_1354,2387,image_0257,3169,image_0573,3503
102,image_0936,image_0637,1871,image_0055,1885,image_0095,2257
103,image_1090,image_0250,1398,image_0228,1472,image_1075,1670
104,image_0039,image_1319,2759,image_0557,3005,image_0162,4094
105,image_0641,image_0686,1445,image_1196,1613,image_0235,1720
106,image_0344,image_0207,2945,image_0193,3312,image_0720,3752
107,image_1232,image_0092,1234,image_1238,1544,image_1270,1585
108,image_0053,image_0620,1622,image_0692,1765,image_0922,2094
109,image_1177,image_1123,0,image_1267,1759,image_0247,1814
110,image_0945,image_0902,1294,image_0959,1600,image_0914,1719
111,image_1231,image_0363,629,image_0591,730,image_0875,734
112,image_0262,image_1200,4193,image_1336,4577,image_0182,4625
113,image_0838,image_0866,0,image_0873,679,image_0804,707
114,image_0317,image_0182,2607,image_0537,2830,image_1336,3002
115,image_0241,image_0922,4046,image_0867,4214,image_0085,4311
116,image_1244,image_0595,1576,image_0101,1709,image_1121,1868
117,image_1175,image_1131,0,image_1098,897,image_1166,918
118,image_0748,image_1147,1969,image_0237,2102,image_0537,2137
119,image_0667,image_0581,1914,image_0797,2544,image_0050,2681
120,image_0034,image_1014,1838,image_1181,1932,image_0557,2317
121,image_1138,image_0867,1881,image_0822,1965,image_0858,1966
122,image_0277,image_0581,1454,image_0910,2091,image_0937,2095
123,image_0591,image_0257,879,image_0845,1729,image_0316,1874
124,image_0578,image_0614,955,image_1354,1505,image_0596,1753
125,image_0083,image_0845,2802,image_0111,2821,image_0820,2836
126,image_0805,image_0591,328,image_0845,880,image_0948,1299
127,image_0376,image_0162,1613,image_0145,1848,image_0207,1972
128,image_0050,image_0162,1139,image_0257,1498,image_1181,4869
129,image_0137,image_1201,708,image_0822,783,image_0345,823
130,image_0027,image_0797,3320,image_0591,4771,image_0566,4782
131,image_1271,image_1201,526,image_1277,554,image_1339,628
132,image_0225,image_1181,1672,image_0092,4637,image_0257,5535
133,image_0322,image_0084,487,image_0291,619,image_0612,645
134,image_0022,image_1006,257,image_0566,408,image_0948,1008
135,image_0497,image_1166,617,image_0200,921,image_0591,929
136,image_1294,image_0257,2250,image_1336,2832,image_0537,3719
137,image_1243,image_1202,277,image_0257,1906,image_0510,1978
138,image_1268,image_0084,1343,image_0207,1397,image_0535,1432
139,image_0084,image_0291,202,image_0591,248,image_0874,361
140,image_1097,image_1164,937,image_0875,1093,image_0845,1102
141,image_0729,image_1163,2873,image_0739,2881,image_0136,3155
142,image_0472,image_0402,0,image_0539,3947,image_0257,4560
143,image_0397,image_0059,2968,image_0848,3081,image_0828,3081
144,image_0088,image_0101,905,image_1029,1000,image_1201,1114
145,image_0606,image_0170,1719,image_0603,2873,image_0093,2970
146,image_0121,image_0874,445,image_0111,470,image_0089,541
147,image_1174,image_0257,933,image_0247,1352,image_0193,2349
148,image_0204,image_0187,803,image_1029,886,image_0967,1082
149,image_1005,image_1085,2562,image_1162,3244,image_1122,3507
150,image_0500,image_0591,564,image_1135,578,image_1133,697
151,image_0360,image_0174,1751,image_0136,1841,image_0186,2431
152,image_0855,image_0820,0,image_0858,230,image_1325,535
153,image_1087,image_0537,1453,image_0208,1458,image_0171,1465
154,image_0434,image_0467,0,image_0539,3613,image_1140,3777
155,image_1067,image_0500,1560,image_0365,1567,image_0955,1608
156,image_0494,image_1187,1818,image_0557,2338,image_0543,2418
157,image_0289,image_0290,758,image_0314,1788,image_1196,2177
158,image_1112,image_1098,1305,image_0948,1320,image_1058,1606
159,image_1181,image_0141,810,image_0316,814,image_0208,984
160,image_1023,image_1031,513,image_0040,552,image_0937,564
161,image_1027,image_0566,1834,image_1166,1841,image_0591,1842
162,image_0365,image_0591,709,image_1166,901,image_1303,961
163,image_0668,image_0466,1382,image_1188,1405,image_0992,1454
164,image_1291,image_0088,3473,image_1350,3765,image_0471,3831
165,image_0410,image_0455,0,image_0557,2842,image_0257,3222
166,image_1264,image_0122,476,image_0101,584,image_0104,684
167,image_0372,image_0099,1644,image_0257,2063,image_0101,2298
168,image_0882,image_0921,0,image_1292,2929,image_0071,3068
169,image_0816,image_1354,711,image_1153,1075,image_0257,2781
170,image_0169,image_1126,1147,image_1336,1267,image_1323,1321
171,image_0765,image_0731,2,image_0597,1042,image_0910,1061
172,image_1037,image_1184,905,image_0057,1063,image_0588,1093
173,image_0323,image_0162,2405,image_0457,2558,image_0805,2796
174,image_0237,image_1173,904,image_1154,904,image_1174,926
175,image_0823,image_0850,0,image_0852,300,image_1201,677
176,image_0283,image_0582,1824,image_0604,1907,image_0185,1916
177,image_0752,image_0761,1,image_1031,768,image_1006,966
178,image_0858,image_0591,753,image_0111,1292,image_0855,1581
179,image_0907,image_0923,1,image_0938,2130,image_1187,2169
180,image_0548,image_0543,1727,image_1075,2273,image_0136,2438
181,image_0092,image_0257,986,image_0557,1071,image_1148,2123
182,image_0898,image_0943,932,image_0133,1464,image_0257,1760
183,image_0449,image_1181,1798,image_1014,1956,image_0797,2151
184,image_0071,image_0845,683,image_0591,908,image_0822,1127
185,image_1124,image_1303,1101,image_0247,1101,image_0248,1555
186,image_0354,image_1198,1366,image_0967,1459,image_0363,1500
187,image_1327,image_1311,0,image_0250,3175,image_0249,3318
188,image_0980,image_0586,1355,image_0072,1416,image_1129,1429
189,image_0811,image_0856,0,image_0591,605,image_0845,702
190,image_0605,image_1080,1552,image_0234,1802,image_1117,1840
191,image_0455,image_0410,0,image_0557,2842,image_0257,3222
192,image_0789,image_0720,1916,image_0955,1958,image_0291,2066
193,image_1146,image_1165,0,image_0566,1144,image_0022,1346
194,image_0626,image_0875,1934,image_1166,1986,image_0602,2027
195,image_0517,image_0524,2814,image_0044,3051,image_0082,3348
196,image_0052,image_0116,1870,image_0537,1920,image_1080,1960
197,image_0952,image_0637,1758,image_0596,2094,image_0068,2247
198,image_0590,image_1187,1502,image_0257,1832,image_0083,1934
199,image_0276,image_1014,1512,image_1193,1779,image_1148,1955
200,image_0761,image_0752,1,image_1031,773,image_1006,972
201,image_0969,image_1303,1323,image_0557,1445,image_0844,1969
202,image_1200,image_0257,2010,image_1336,2027,image_0247,2147
203,image_0130,image_0093,916,image_0095,981,image_0581,1349
204,image_0782,image_0040,2329,image_1199,2340,image_0828,2386
205,image_0601,image_0162,1376,image_0144,1419,image_0629,1583
206,image_1336,image_0257,3567,image_0614,12237,image_0867,13436
207,image_0295,image_0307,2547,image_0133,2706,image_0339,2735
208,image_1282,image_0557,1227,image_0193,1258,image_0257,1951
209,image_0817,image_1236,216,image_0874,299,image_0111,419
210,image_0675,image_0704,3547,image_0637,3911,image_1243,4000
211,image_1102,image_0092,1455,image_1078,1608,image_1118,1623
212,image_0726,image_1155,2430,image_1006,2448,image_0566,2462
213,image_0320,image_1123,1047,image_1177,1047,image_0223,1110
214,image_0739,image_0257,935,image_1303,1313,image_1031,1409
215,image_0271,image_0269,1332,image_1129,1746,image_1173,1871
216,image_0094,image_0103,982,image_0122,1065,image_0121,1071
217,image_1176,image_1142,0,image_1006,413,image_0948,581
218,image_0612,image_0291,388,image_0096,609,image_0084,990
219,image_1350,image_0200,928,image_0291,1024,image_0084,1085
220,image_0822,image_0845,388,image_0591,1675,image_0291,1739
221,image_1056,image_0831,3611,image_0614,3673,image_0162,4020
222,image_0571,image_1198,649,image_0597,700,image_1199,767
223,image_0913,image_0902,1030,image_0597,1411,image_0949,1446
224,image_0014,image_0048,0,image_0797,2495,image_0404,3208
225,image_0914,image_0905,553,image_0597,645,image_0949,842
226,image_0192,image_0257,2216,image_1148,2282,image_0691,2477
227,image_0542,image_0237,1238,image_0537,1283,image_0233,1693
228,image_0176,image_0234,480,image_1236,750,image_1339,843
229,image_0167,image_0880,1374,image_0535,1751,image_0208,1812
230,image_0341,image_0365,3506,image_0264,3793,image_0569,3801
231,image_0197,image_0612,890,image_0038,927,image_0316,1043
232,image_0111,image_1135,253,image_0591,256,image_1151,278
233,image_0310,image_0313,987,image_0311,1122,image_0312,1300
234,image_0933,image_0947,532,image_1112,699,image_0598,883
235,image_0687,image_0666,481,image_0187,2157,image_0140,2190
236,image_1286,image_0111,800,image_0461,804,image_0291,805
237,image_1210,image_0874,501,image_0845,518,image_0111,602
238,image_0707,image_0557,2022,image_0055,3714,image_0581,3948
239,image_0480,image_1276,2097,image_1180,2220,image_1196,2234
240,image_0275,image_0983,968,image_1174,1658,image_0012,2101
241,image_0005,image_1129,1499,image_1198,1596,image_1121,1650
242,image_0286,image_1242,2121,image_1063,2122,image_0537,2128
243,image_0132,image_0095,1044,image_0692,1281,image_0826,1312
244,image_1348,image_0291,575,image_0171,661,image_0597,713
245,image_0895,image_0596,1952,image_0922,2141,image_0257,2517
246,image_0263,image_1325,2649,image_1308,2666,image_1258,2715
247,image_0142,image_0097,173,image_0111,220,image_0874,299
248,image_1010,image_0990,331,image_0949,894,image_0896,935
249,image_0424,image_0443,0,image_0557,1929,image_0741,2103
250,image_0298,image_0116,876,image_0101,948,image_0686,1121
251,image_0899,image_0896,1561,image_0071,1693,image_0942,1887
252,image_0147,image_0859,879,image_0016,1008,image_0461,1046
253,image_0905,image_0591,716,image_0948,1404,image_0949,1416
254,image_0764,image_0746,364,image_0910,1144,image_0022,1148
255,image_0265,image_0266,419,image_0032,2760,image_0591,3857
256,image_1334,image_1318,1698,image_0543,3072,image_0136,3622
257,image_0463,image_0257,2335,image_0791,2951,image_0510,3185
258,image_1002,image_0962,0,image_1129,504,image_1006,775
259,image_0767,image_0894,2258,image_1201,2287,image_0858,2319
260,image_1237,image_0200,1273,image_1277,1641,image_0257,1740
261,image_0989,image_0901,842,image_0963,1038,image_1183,1045
262,image_1036,image_0847,1167,image_0821,1171,image_0874,1392
263,image_0033,image_0046,0,image_1184,1018,image_1126,1406
264,image_0613,image_0637,2140,image_0144,2248,image_0629,2330
265,image_0967,image_1164,446,image_0566,632,image_1133,812
266,image_1017,image_0982,0,image_0894,964,image_0948,1109
267,image_0794,image_0557,1483,image_0797,1833,image_0257,1856
268,image_1308,image_1325,42,image_0591,279,image_0566,1336
269,image_0998,image_1174,1114,image_0072,1578,image_1147,1594
270,image_1040,image_1200,1478,image_0266,1549,image_1184,1732
271,image_0880,image_1184,849,image_1170,976,image_1151,978
272,image_1345,image_1198,2287,image_0200,2390,image_0136,2406
273,image_0152,image_1274,2046,image_0088,2150,image_0625,2171
274,image_0836,image_0862,0,image_0874,597,image_0461,709
275,image_1108,image_0614,812,image_0602,1312,image_0612,1381
276,image_0076,image_0691,1460,image_1118,1691,image_1014,2054
277,image_0044,image_0844,1267,image_1193,1391,image_0535,1405
278,image_0629,image_0162,1491,image_1201,1757,image_0457,1821
279,image_0628,image_0088,1345,image_0116,1436,image_0686,1483
280,image_1051,image_0922,2516,image_0144,2545,image_1066,2984
281,image_0656,image_1147,1420,image_1148,1719,image_1185,1779
282,image_0746,image_0764,241,image_0925,1457,image_0964,1625
283,image_0860,image_0833,0,image_1235,685,image_0875,720
284,image_0139,image_0101,383,image_0122,599,image_0875,602
285,image_1020,image_0995,1,image_0996,814,image_1018,1218
286,image_0730,image_0568,1896,image_0937,2084,image_0910,2084
287,image_1251,image_1275,1361,image_1277,1482,image_1199,1635
288,image_1341,image_0618,2394,image_0232,2661,image_0287,3284
289,image_0790,image_0257,1400,image_1354,1899,image_0162,3567
290,image_0026,image_0030,1805,image_0939,1953,image_0614,1958
291,image_1191,image_1164,1172,image_0316,1237,image_0875,1352
292,image_0824,image_0844,224,image_1303,1031,image_0797,1355
293,image_0168,image_0200,859,image_1198,1077,image_1267,1179
294,image_0780,image_1093,2415,image_0998,2771,image_1021,2778
295,image_0597,image_0591,239,image_1166,585,image_0566,1259
296,image_0848,image_0828,0,image_0858,788,image_1325,879
297,image_0025,image_0071,2114,image_0894,2347,image_0948,2516
298,image_0676,image_0705,136,image_1135,884,image_0566,909
299,image_0959,image_0947,1088,image_0938,1166,image_0914,1203
300,image_0699,image_0068,1551,image_0797,1681,image_1153,1686
301,image_0078,image_0688,1043,image_0668,1100,image_0363,1264
302,image_0435,image_0050,1875,image_0922,2359,image_0608,2360
303,image_0579,image_0863,1414,image_0186,1456,image_0092,1461
304,image_0798,image_0797,769,image_1031,1293,image_0566,1317
305,image_0728,image_0537,2826,image_1063,2955,image_1181,3094
306,image_0486,image_0536,1804,image_0513,1958,image_0174,2333
307,image_0398,image_0567,1827,image_0867,1995,image_0457,2005
308,image_0636,image_0257,1833,image_0791,4805,image_1188,5725
309,image_1265,image_0098,1435,image_1243,1577,image_0144,1640
310,image_0749,image_0774,325,image_0727,1409,image_1003,1437
311,image_1050,image_0200,2135,image_1133,2324,image_1303,2377
312,image_0787,image_1166,841,image_0901,904,image_0597,964
313,image_0235,image_0720,657,image_0875,703,image_0526,727
314,image_0521,image_0922,2570,image_0144,2641,image_0376,2683
315,image_0802,image_0841,0,image_0510,1385,image_0557,1437
316,image_0906,image_0926,0,image_0905,1605,image_0914,1690
317,image_0727,image_1155,438,image_1006,597,image_1031,633
318,image_0284,image_0254,2193,image_0257,2638,image_1140,2826
319,image_0257,image_0466,485,image_1006,488,image_0591,583
320,image_0458,image_0257,1562,image_0557,3245,image_0404,3771
321,image_1014,image_1354,2191,image_0557,3759,image_0801,4447
322,image_0559,image_1093,1625,image_0187,2006,image_0618,2008
323,image_1212,image_1261,1433,image_1180,2582,image_0557,2720
324,image_0082,image_0503,841,image_0851,918,image_0237,963
325,image_0719,image_0122,650,image_0207,653,image_0145,743
326,image_0818,image_0557,679,image_0461,745,image_0817,815
327,image_0580,image_1155,886,image_1098,913,image_1184,918
328,image_1074,image_1091,119,image_1082,1379,image_1066,1569
329,image_0670,image_0691,569,image_1148,1487,image_0257,2524
330,image_0498,image_0484,77,image_0922,2853,image_0492,2882
331,image_1026,image_0910,417,image_0937,417,image_1006,714
332,image_1001,image_1099,2597,image_0237,2680,image_0969,2711
333,image_1306,image_0141,461,image_0591,740,image_0875,953
334,image_1183,image_1166,499,image_0257,899,image_0901,1155
335,image_0736,image_1155,1453,image_1006,1705,image_1031,1737
336,image_0219,image_0257,1373,image_0591,2722,image_0214,2947
337,image_0814,image_0842,197,image_0851,756,image_1184,1153
338,image_0006,image_0948,697,image_1006,759,image_0874,796
339,image_1041,image_0596,2710,image_1062,2964,image_0162,3391
340,image_0190,image_0223,1057,image_1080,1108,image_0335,1202
341,image_0694,image_0688,1561,image_0092,1634,image_0581,1674
342,image_0649,image_0639,1575,image_0957,1682,image_0652,1881
343,image_0254,image_0466,1558,image_0791,1642,image_1153,2183
344,image_0301,image_0302,2678,image_0267,3044,image_0271,3061
345,image_0202,image_0466,1308,image_1303,1848,image_0737,3442
346,image_0673,image_0703,399,image_0257,2343,image_0797,5657
347,image_0269,image_0271,1291,image_0273,1846,image_0257,2714
348,image_0690,image_0637,2383,image_0093,2390,image_0126,2541
349,image_0830,image_0852,269,image_0875,814,image_0101,876
350,image_0106,image_0173,1594,image_0090,1981,image_0128,2013
351,image_0103,image_0345,484,image_0145,527,image_0142,544
352,image_1266,image_0172,940,image_0127,973,image_0174,996
353,image_1045,image_0598,654,image_0587,731,image_0075,737
354,image_0744,image_0922,3096,image_0943,3217,image_0604,3400
355,image_0912,image_0071,578,image_0896,737,image_0597,917
356,image_0349,image_0316,752,image_0875,761,image_0720,793
357,image_0156,image_0182,1533,image_0122,1713,image_1193,1800
358,image_0172,image_1198,404,image_0200,512,image_1166,750
359,image_0428,image_0543,3581,image_0135,3853,image_0216,4209
360,image_1066,image_0612,1122,image_1325,1268,image_0291,1367
361,image_0800,image_0791,1973,image_0257,2571,image_0797,9162
362,image_1145,image_0948,750,image_1126,771,image_0316,801
363,image_0183,image_0503,1128,image_1121,1145,image_1154,1217
364,image_0415,image_0257,2308,image_1238,2552,image_1181,2558
365,image_0273,image_0257,1978,image_1162,2301,image_1122,3024
366,image_0108,image_0338,955,image_0093,1561,image_0118,2083
367,image_0924,image_0557,4175,image_0257,4239,image_1323,6802
368,image_0725,image_1034,2336,image_1193,2771,image_0614,2976
369,image_0513,image_0526,635,image_0535,759,image_0081,946
370,image_0319,image_1148,1210,image_1121,1616,image_0239,1640
371,image_1287,image_0948,584,image_0858,1543,image_1006,1612
372,image_1285,image_0118,2299,image_0136,2305,image_0277,2596
373,image_1151,image_1170,0,image_0257,643,image_0404,644
374,image_1299,image_0375,493,image_0246,668,image_0104,682
375,image_1028,image_0537,1079,image_0140,1750,image_1336,2172
376,image_1030,image_1080,1835,image_1117,1908,image_1071,2139
377,image_0220,image_1166,1124,image_0967,1216,image_0291,1221
378,image_1192,image_0691,1688,image_1085,1790,image_1014,2463
379,image_0223,image_0187,983,image_1144,1029,image_0234,1118
380,image_0495,image_0085,3487,image_0133,4171,image_0182,5973
381,image_0251,image_0614,2494,image_0581,2557,image_0568,2651
382,image_0342,image_0363,1070,image_0457,1112,image_0345,1163
383,image_0030,image_0566,1503,image_0948,1712,image_0591,1948
384,image_0373,image_0382,2733,image_0322,2950,image_0329,2975
385,image_0023,image_1006,607,image_0948,642,image_0411,769
386,image_1022,image_0997,151,image_1166,1759,image_0566,1790
387,image_0897,image_0576,1318,image_1134,1469,image_1306,1506
388,image_0177,image_1078,1488,image_0092,1545,image_1148,2252
389,image_0403,image_0475,0,image_0822,1305,image_0845,1338
390,image_0452,image_0591,281,image_0084,397,image_0566,409
391,image_0545,image_0291,389,image_0171,628,image_0591,645
392,image_0490,image_0535,503,image_0874,637,image_0316,674
393,image_0593,image_0594,245,image_1006,1032,image_0948,1065
394,image_1220,image_1246,1105,image_0591,1333,image_1231,1377
395,image_0990,image_1010,463,image_0896,957,image_0949,986
396,image_0266,image_1184,2496,image_1336,2571,image_1135,2839
397,image_0419,image_1162,1627,image_1122,1653,image_0171,1845
398,image_0442,image_1135,437,image_0566,444,image_1133,467
399,image_0213,image_0141,2245,image_1164,2335,image_1134,2366
400,image_0501,image_0867,2233,image_0257,2542,image_0162,2802
401,image_0001,image_0597,1240,image_0594,1250,image_0614,1372
402,image_0766,image_0894,1647,image_0948,1702,image_1013,1829
403,image_0209,image_1140,1229,image_0257,1655,image_0232,1737
404,image_1083,image_1118,1314,image_1354,1633,image_0537,1700
405,image_0081,image_0174,451,image_1277,457,image_1198,599
406,image_0757,image_1170,2260,image_1151,2260,image_1155,2319
407,image_0207,image_0291,933,image_1135,945,image_0316,955
408,image_0677,image_0466,1516,image_1323,2617,image_1160,2657
409,image_0481,image_1255,2428,image_0540,2471,image_0114,2724
410,image_0086,image_0140,2114,image_0204,2118,image_0221,2147
411,image_1337,image_0363,1096,image_0122,1175,image_0104,1185
412,image_0983,image_0257,1622,image_0557,1717,image_1173,1851
413,image_0055,image_0239,1239,image_1162,2169,image_0193,2171
414,image_0971,image_1000,1154,image_1187,1510,image_0972,1615
415,image_0691,image_0670,1661,image_0797,1952,image_0193,2245
416,image_1133,image_1135,155,image_0591,357,image_1164,766
417,image_0345,image_0363,247,image_0111,279,image_0591,408
418,image_0326,image_0612,697,image_0084,783,image_0291,843
419,image_0538,image_0187,2161,image_0543,2228,image_0791,2244
420,image_1357,image_1098,297,image_0591,454,image_0875,481
421,image_0873,image_0819,169,image_1236,554,image_0845,693
422,image_0143,image_0569,2379,image_0616,2387,image_0145,2446
423,image_1165,image_1146,0,image_0566,1145,image_0022,1336
424,image_0243,image_0242,59,image_0244,736,image_0092,3611
425,image_0553,image_0233,1364,image_0141,2242,image_1080,2265
426,image_1331,image_0257,2277,image_1014,4508,image_1319,4683
427,image_0351,image_0225,2832,image_0681,3079,image_1085,3151
428,image_0334,image_1354,754,image_0092,5338,image_0186,5869
429,image_0154,image_0352,1578,image_0127,2310,image_0091,2383
430,image_0236,image_0582,1559,image_0457,1809,image_0019,1897
431,image_1035,image_1098,1085,image_0875,1108,image_0597,1132
432,image_1080,image_0875,778,image_1117,1068,image_1184,1117
433,image_0013,image_1306,1126,image_0535,1360,image_0948,1453
434,image_1333,image_0316,2367,image_0084,2394,image_1325,2457
435,image_0813,image_0084,911,image_0874,974,image_0862,980
436,image_1262,image_0720,898,image_0526,916,image_1275,937
437,image_0514,image_0801,2101,image_1118,2362,image_0092,2410
438,image_1166,image_0566,480,image_0257,1084,image_0591,1828
439,image_0300,image_0562,1151,image_0999,1184,image_1184,1237
440,image_0684,image_1164,381,image_1126,384,image_1134,388
441,image_0750,image_1031,1523,image_0910,1531,image_0937,1536
442,image_1324,image_0834,5874,image_0469,6154,image_0422,6154
443,image_0633,image_0692,1462,image_0114,1498,image_0804,1512
444,image_0759,image_1136,1911,image_1134,2002,image_0060,2067
445,image_0367,image_0557,2604,image_0867,3103,image_0859,3434
446,image_1012,image_0966,2,image_1129,783,image_0072,1287
447,image_0797,image_0798,5646,image_0239,9217,image_0591,14947
448,image_1259,image_0101,192,image_1339,318,image_0875,337
449,image_0653,image_0638,1285,image_0207,1547,image_0104,1602
450,image_1085,image_0691,3311,image_0492,6768,image_0187,6819
451,image_0623,image_0625,1100,image_0637,1310,image_1119,1651
452,image_0847,image_0821,0,image_0591,657,image_0845,687
453,image_0581,image_0557,1188,image_0257,1829,image_0510,2530
454,image_0385,image_0088,2047,image_0137,2397,image_0093,2556
455,image_1103,image_1336,891,image_0591,1616,image_0875,1955
456,image_0436,image_0471,0,image_0257,1208,image_1163,1451
457,image_0985,image_0247,1700,image_0510,1965,image_1188,2245
458,image_0695,image_0672,696,image_0875,962,image_0101,975
459,image_1234,image_1339,1257,image_0591,1505,image_0257,1850
460,image_0457,image_0591,277,image_0858,397,image_0291,409
461,image_1213,image_1239,839,image_0848,964,image_0828,968
462,image_1347,image_0200,1324,image_0805,1535,image_0291,1552
463,image_0250,image_0797,2058,image_0249,2600,image_0257,2616
464,image_0977,image_1129,1474,image_1336,1692,image_1115,1929
465,image_0468,image_0411,0,image_0257,711,image_1006,2271
466,image_0459,image_0427,0,image_1303,2170,image_0257,2770
467,image_1194,image_1196,1729,image_1184,1771,image_0186,1842
468,image_0947,image_0597,456,image_0591,711,image_0948,801
469,image_1121,image_0844,1059,image_0817,1125,image_0291,1127
470,image_0430,image_0845,2208,image_0291,2401,image_0948,2581
471,image_0451,image_0136,1646,image_0257,1894,image_0816,2500
472,image_1270,image_1148,1014,image_0557,1272,image_0969,1513
473,image_0994,image_1015,117,image_1006,836,image_0948,871
474,image_1033,image_0914,1855,image_0801,1946,image_0597,1951
475,image_0867,image_0257,667,image_1160,2953,image_0466,4246
476,image_1152,image_1171,0,image_1090,2560,image_0637,2738
477,image_0596,image_0193,1272,image_0557,1383,image_0257,2045
478,image_0011,image_0801,1484,image_0257,1554,image_0597,1559
479,image_1198,image_0845,911,image_0591,1702,image_1196,2187
480,image_0640,image_0145,1538,image_0228,1619,image_0147,1693
481,image_1058,image_0822,515,image_0291,516,image_0875,522
482,image_0437,image_0474,0,image_0539,2684,image_0257,3040
483,image_0390,image_0352,3071,image_0216,3357,image_1039,3624
484,image_0445,image_0198,2936,image_0139,3375,image_0142,3486
485,image_0774,image_0749,432,image_0562,1213,image_1184,1290
486,image_1216,image_1215,299,image_1271,587,image_1201,587
487,image_1284,image_1303,1572,image_1308,1655,image_1325,1664
488,image_0925,image_0910,628,image_0937,630,image_0040,652
489,image_0664,image_0618,4362,image_0663,4447,image_0150,4667
490,image_0958,image_0612,1493,image_0948,1666,image_1325,1746
491,image_0146,image_0720,1482,image_0101,1567,image_0874,1630
492,image_1148,image_0875,982,image_0452,1015,image_0171,1021
493,image_0889,image_0906,2248,image_0926,2256,image_0914,2428
494,image_0133,image_1217,645,image_1154,924,image_0562,924
495,image_0714,image_0643,920,image_1269,2028,image_0216,2387
496,image_0602,image_0822,1032,image_0874,1038,image_0845,1052
497,image_0617,image_0500,1643,image_0535,1740,image_0566,1886
498,image_1171,image_1152,0,image_1090,2561,image_0637,2738
499,image_0561,image_0948,2033,image_0587,2059,image_0597,2064
500,image_0054,image_0598,2010,image_0597,2226,image_0797,2349
501,image_0017,image_0801,2063,image_0876,2382,image_1184,2400
502,image_0760,image_0752,1003,image_0761,1040,image_0937,1158
503,image_0992,image_1011,0,image_1303,1992,image_1354,2862
504,image_0336,image_0845,575,image_0822,582,image_0591,716
505,image_0634,image_1034,1535,image_0044,1715,image_1077,1726
506,image_0886,image_0257,2223,image_1323,5471,image_0557,5696
507,image_0503,image_1303,2261,image_0557,2394,image_0791,2662
508,image_0282,image_0199,1450,image_1163,1971,image_1187,2073
509,image_1289,image_0797,3222,image_0257,3613,image_0510,4628
510,image_0535,image_0591,407,image_1164,434,image_1151,513
511,image_0763,image_0022,1122,image_0566,1162,image_0797,1197
512,image_0742,image_0040,1018,image_0062,1061,image_1198,1127
513,image_0487,image_1160,16728,image_0557,17183,image_1140,22253
514,image_0648,image_0680,4049,image_0688,4212,image_0092,5030
515,image_0371,image_0682,2419,image_0116,2878,image_0686,2881
516,image_0126,image_0801,1708,image_0692,1763,image_0715,1901
517,image_1120,image_0473,2562,image_1319,2608,image_0599,2821
518,image_0652,image_0567,1523,image_0637,1567,image_1121,1771
519,image_0098,image_0581,1071,image_0257,1172,image_0239,1411
520,image_1178,image_0387,2146,image_0088,2705,image_0093,2850
521,image_1301,image_1346,450,image_1336,1882,image_0851,1935
522,image_0680,image_0797,2841,image_0257,3372,image_0567,4731
523,image_1330,image_1188,1815,image_0257,2666,image_0510,2692
524,image_1069,image_0591,554,image_1058,666,image_0566,786
525,image_0666,image_0140,2044,image_0687,2118,image_0998,2442
526,image_0232,image_0797,2335,image_1323,2587,image_0257,2595
527,image_0040,image_0845,387,image_1166,568,image_0111,598
528,image_1322,image_1305,875,image_1073,3573,image_0290,3708
529,image_0526,image_0720,1887,image_0948,3101,image_0291,4001
530,image_0639,image_0637,1225,image_1217,1428,image_0602,1644
531,image_0588,image_0591,616,image_0948,673,image_1126,823
532,image_0536,image_0486,1461,image_0538,1711,image_0513,2454
533,image_0047,image_0207,1710,image_0614,1956,image_0075,2256
534,image_0810,image_0805,481,image_0291,564,image_1325,584
535,image_0972,image_1180,949,image_1163,1406,image_0257,1563
536,image_1315,image_0187,1739,image_0206,1948,image_1085,1963
537,image_1013,image_0948,1016,image_0845,1053,image_1303,1613
538,image_0572,image_0034,2074,image_0602,2388,image_1063,2501
539,image_0826,image_0818,364,image_0843,555,image_0461,784
540,image_0117,image_0145,1165,image_0211,1230,image_0222,1299
541,image_0672,image_0695,378,image_0804,1480,image_0850,1542
542,image_0178,image_0837,1236,image_0175,1308,image_1267,1352
543,image_0589,image_1085,1626,image_0225,2076,image_0206,2753
544,image_0732,image_1115,1413,image_1196,1501,image_1129,1531
545,image_1009,image_0969,1667,image_0797,2249,image_1174,2555
546,image_0563,image_0257,1516,image_0791,1648,image_1319,2844
547,image_0577,image_1118,1915,image_0207,2119,image_0228,2172
548,image_1173,image_1154,0,image_0247,898,image_1303,960
549,image_1247,image_0591,1512,image_1133,1577,image_1006,1589
550,image_1004,image_0900,909,image_1029,979,image_0597,997
551,image_0853,image_0832,0,image_0363,1378,image_0457,1404
552,image_0609,image_0602,958,image_1118,1194,image_0171,1593
553,image_0401,image_0234,1491,image_0875,1801,image_0779,1862
554,image_0615,image_0162,2206,image_0510,2249,image_1336,3025
555,image_1150,image_1168,0,image_1196,1524,image_1163,1623
556,image_1021,image_1174,538,image_1180,633,image_1163,1958
557,image_0292,image_1166,946,image_1133,1011,image_1135,1028
558,image_1053,image_1198,1023,image_1115,1127,image_0060,1223
559,image_0338,image_1187,2043,image_0257,2139,image_0557,2181
560,image_0057,image_0566,481,image_0948,711,image_1166,726
561,image_0482,image_0535,1376,image_1357,1462,image_0591,1613
562,image_0170,image_1181,2735,image_0581,3114,image_0050,3276
563,image_1313,image_1117,981,image_0206,1191,image_0335,1531
564,image_0461,image_0822,351,image_0874,438,image_0111,669
565,image_1105,image_0145,557,image_0122,579,image_0222,627
566,image_0309,image_0307,1635,image_0310,1846,image_0312,2092
567,image_0484,image_0498,78,image_0492,2708,image_0922,2847
568,image_1119,image_0237,1381,image_0228,2226,image_0200,2356
569,image_1323,image_0591,939,image_0291,1341,image_0845,1392
570,image_1230,image_0257,2071,image_1235,2297,image_1231,2546
571,image_0756,image_0777,0,image_1153,1501,image_0101,1569
572,image_0821,image_0847,0,image_0591,661,image_0845,687
573,image_0114,image_0101,706,image_0817,955,image_0097,1054
574,image_0123,image_0151,10,image_0626,1318,image_0620,1650
575,image_0402,image_0472,0,image_0539,3951,image_0257,4551
576,image_1219,image_1339,877,image_1235,898,image_0828,941
577,image_0635,image_0500,928,image_0566,1084,image_0591,1378
578,image_0162,image_1154,409,image_1173,410,image_1155,442
579,image_0306,image_0575,1653,image_1126,1665,image_0875,1674
580,image_0620,image_0582,1423,image_1336,1547,image_0500,1790
581,image_0544,image_0200,910,image_0127,975,image_0612,1089
582,image_0738,image_0040,1493,image_1155,1526,image_0910,1543
583,image_0671,image_0693,244,image_0720,1276,image_0612,1386
584,image_0465,image_0411,1135,image_0468,1135,image_1013,1474
585,image_0456,image_0413,0,image_1230,695,image_0085,1535
586,image_0859,image_0878,1054,image_0193,1134,image_0822,1848
587,image_0287,image_0331,822,image_0175,1210,image_0136,1238
588,image_0878,image_0822,1221,image_0874,1310,image_0591,1346
589,image_0773,image_1129,4190,image_0257,6880,image_1336,7239
590,image_0314,image_0466,1375,image_1014,1390,image_0316,1867
591,image_0439,image_0453,0,image_0257,4957,image_0162,6312
592,image_1360,image_0387,2144,image_0637,2496,image_0095,2676
593,image_1184,image_0845,597,image_1303,829,image_0257,837
594,image_1032,image_1196,1394,image_1198,1642,image_1184,1822
595,image_1082,image_0166,428,image_0101,604,image_0096,796
596,image_1131,image_1175,0,image_1098,897,image_1166,918
597,image_0796,image_0773,1781,image_1129,2010,image_0851,2074
598,image_0024,image_1184,1996,image_0597,2057,image_1325,2078
599,image_0362,image_0356,356,image_0207,1497,image_0692,1795
600,image_1276,image_0200,1575,image_1198,1579,image_0844,1613
601,image_0527,image_0591,526,image_1006,956,image_1031,1491
602,image_0786,image_0059,1941,image_0133,2244,image_0085,2332
603,image_0783,image_0964,1083,image_1184,1150,image_1199,1248
604,image_0650,image_0089,1319,image_0588,1474,image_0363,1500
605,image_0253,image_0257,2784,image_0272,3450,image_1148,3549
606,image_0537,image_0182,1242,image_1181,1442,image_1336,1979
607,image_0584,image_1097,1115,image_0585,1327,image_0586,1478
608,image_1070,image_0557,2124,image_0162,2150,image_0099,2224
609,image_0662,image_0581,2210,image_0596,2601,image_1014,2917
610,image_0705,image_0676,153,image_1135,635,image_0566,659
611,image_1338,image_0186,1899,image_1062,2775,image_0257,3033
612,image_0852,image_0830,576,image_0875,599,image_0720,833
613,image_0509,image_0513,1548,image_1218,1630,image_1259,1680
614,image_0734,image_0739,2304,image_1170,2849,image_1151,2849
615,image_0211,image_0181,693,image_0161,833,image_1258,882
616,image_0264,image_0466,1815,image_1153,1941,image_0614,2024
617,image_0991,image_1121,1581,image_0592,2316,image_0575,2397
618,image_0706,image_1336,1265,image_0537,1706,image_1121,1920
619,image_1303,image_1140,13552,image_0797,13961,image_0193,19825
620,image_0562,image_1031,1216,image_0247,1415,image_0948,1462
621,image_1149,image_0591,1836,image_0614,1979,image_0955,2046
622,image_0523,image_0569,3657,image_0616,3766,image_0684,3893
623,image_1109,image_1119,991,image_0542,1612,image_1090,1623
624,image_0965,image_1174,736,image_1196,759,image_1115,1010
625,image_1114,image_0510,1563,image_0557,1577,image_1099,2022
626,image_1159,image_0618,2952,image_0250,3241,image_0969,3357
627,image_0116,image_0101,550,image_0587,673,image_0139,745
628,image_0735,image_0727,3391,image_1155,3406,image_1031,3569
629,image_0157,image_0187,1413,image_1154,1424,image_0983,1425
630,image_0466,image_0038,984,image_0066,1003,image_0944,1016
631,image_1346,image_1301,504,image_0537,1582,image_0851,1617
632,image_1233,image_0461,811,image_0817,832,image_0942,958
633,image_1042,image_1058,2165,image_0228,2208,image_0847,2231
634,image_0554,image_0555,160,image_1085,2840,image_0186,3879
635,image_0129,image_0228,1624,image_1075,1696,image_0696,1726
636,image_0718,image_1004,810,image_0900,920,image_0686,1173
637,image_0389,image_1035,1103,image_0804,1153,image_0095,1186
638,image_0525,image_0723,2774,image_1035,2794,image_1196,2927
639,image_0339,image_0050,1230,image_0581,1689,image_0637,1817
640,image_0138,image_0130,1850,image_0625,1908,image_0095,1910
641,image_0242,image_0243,56,image_0244,616,image_0254,3622
642,image_1169,image_0688,1458,image_1014,1733,image_0055,1876
643,image_1007,image_0986,0,image_1196,1117,image_1142,1548
644,image_0546,image_1139,3514,image_0239,3917,image_0537,4118
645,image_1222,image_0875,810,image_0171,820,image_0161,837
646,image_0976,image_1147,3359,image_1279,3394,image_0625,3449
647,image_0558,image_0557,3302,image_0136,5253,image_1180,7590
648,image_0325,image_0637,1322,image_0095,1450,image_1349,1568
649,image_0304,image_0101,1325,image_0875,1368,image_0142,1423
650,image_0392,image_0878,2256,image_0557,2981,image_1036,3112
651,image_0343,image_0326,1643,image_0322,1683,image_0127,1757
652,image_1318,image_1334,1249,image_0338,3981,image_0622,4278
653,image_0462,image_1162,1778,image_0992,1888,image_1011,1888
654,image_0865,image_1231,872,image_0363,1034,image_0345,1092
655,image_1160,image_0257,1266,image_1303,1297,image_0591,1298
656,image_1127,image_1187,1407,image_0797,2173,image_1163,2236
657,image_1344,image_0158,1734,image_0246,1825,image_0452,1840
658,image_0929,image_0893,1,image_0902,2305,image_0914,2518
659,image_1117,image_1184,980,image_1080,1007,image_0503,1217
660,image_0124,image_0352,1512,image_0216,1642,image_0127,1898
661,image_0954,image_0943,2233,image_0867,2485,image_0457,2577
662,image_0951,image_0075,1326,image_0902,1388,image_1112,1389
663,image_0926,image_0906,0,image_0905,1607,image_0914,1688
664,image_0199,image_0591,761,image_0845,849,image_1170,1213
665,image_0512,image_0550,1494,image_0095,1933,image_0139,2048
666,image_0678,image_0050,2809,image_1044,2873,image_0581,3125
667,image_0175,image_1339,899,image_0291,1051,image_0845,1202
668,image_0318,image_0167,1090,image_0233,1681,image_1121,2278
669,image_0556,image_0591,1220,image_0566,1398,image_1135,1763
670,image_0068,image_0257,1134,image_0193,1564,image_1014,1860
671,image_0238,image_0200,1332,image_1196,1401,image_1223,1533
672,image_0654,image_0682,355,image_0322,1794,image_0900,1832
673,image_0622,image_0599,1481,image_0543,1781,image_0136,1862
674,image_0740,image_0797,3849,image_0257,5846,image_0799,5902
675,image_1136,image_1135,280,image_1164,412,image_1133,426
676,image_0784,image_1014,4574,image_1187,6215,image_1163,7810
677,image_0058,image_1354,1309,image_1336,1444,image_1303,1500
678,image_0808,image_0111,337,image_1325,488,image_0874,555
679,image_1354,image_0257,2343,image_0557,11408,image_0867,18982
680,image_0717,image_0537,1675,image_0239,1716,image_1129,1743
681,image_0530,image_1151,1134,image_1170,1134,image_0591,1137
682,image_1000,image_1198,663,image_1196,789,image_1183,954
683,image_0555,image_0554,330,image_1181,1734,image_1085,4505
684,image_0038,image_0566,635,image_0597,684,image_0591,694
685,image_0686,image_0316,809,image_1198,897,image_0591,978
686,image_0405,image_0476,0,image_0797,3012,image_0791,4330
687,image_1157,image_1121,839,image_0974,1546,image_1129,1637
688,image_1099,image_1267,781,image_0237,1117,image_0557,1466
689,image_0313,image_0312,623,image_0311,1700,image_1179,2125
690,image_0522,image_0162,2056,image_0133,2069,image_0050,2083
691,image_0278,image_0686,1048,image_0136,1084,image_0088,1225
692,image_0785,image_0597,844,image_0040,945,image_0948,1017
693,image_1081,image_1082,1394,image_1075,1553,image_0375,1629
694,image_0384,image_0457,922,image_0858,1064,image_0591,1208
695,image_0624,image_1184,1213,image_1306,1215,image_0060,1320
696,image_0387,image_0207,1722,image_0104,2044,image_1153,2152
697,image_0888,image_0596,1890,image_0581,1999,image_1004,2286
698,image_0297,image_1187,3378,image_1319,4311,image_0596,5661
699,image_0427,image_0459,0,image_1303,2185,image_0257,2769
700,image_0679,image_0646,110,image_0719,2364,image_0650,2379
701,image_0422,image_0469,0,image_0557,1650,image_0510,2135
702,image_1063,image_1166,1147,image_0566,1263,image_1058,1308
703,image_0021,image_0614,1881,image_1014,1939,image_1354,2237
704,image_0515,image_0802,2194,image_0841,2194,image_0818,2304
705,image_0148,image_0461,946,image_0345,1004,image_0111,1031
706,image_1006,image_0591,296,image_0828,689,image_0848,691
707,image_1254,image_0803,926,image_0595,988,image_0101,1106
708,image_0923,image_0907,1,image_0938,2111,image_1187,2179
709,image_1269,image_0162,1987,image_0257,2305,image_0557,3597
710,image_0551,image_0797,3075,image_0557,4476,image_0257,5257
711,image_0887,image_0894,938,image_1006,1037,image_0948,1050
712,image_0488,image_1119,1352,image_0625,1648,image_1076,1682
713,image_0066,image_0591,551,image_0566,1050,image_0247,1420
714,image_0776,image_0910,1258,image_0937,1262,image_1155,1284
715,image_0909,image_0935,2,image_0918,1513,image_0919,1555
716,image_0885,image_0900,517,image_0901,1295,image_0914,1304
717,image_0109,image_0162,1741,image_0506,1865,image_0257,2071
718,image_0917,image_0257,2628,image_0922,2803,image_1323,2836
719,image_0957,image_0120,1251,image_1034,1541,image_1082,1664
720,image_0869,image_1303,1655,image_0797,2030,image_0867,2156
721,image_1206,image_1230,1042,image_1219,1662,image_1246,1670
722,image_0966,image_1012,2,image_1129,777,image_0072,1286
723,image_0474,image_0437,0,image_0539,2668,image_0257,2988
724,image_1290,image_1230,2672,image_1231,2695,image_1209,2786
725,image_0845,image_0111,1318,image_0874,1318,image_0257,1448
726,image_0431,image_0050,3597,image_0403,4028,image_0475,4028
727,image_0164,image_1099,1794,image_0140,1907,image_0557,2169
728,image_0661,image_0680,5533,image_0688,5787,image_1222,5801
729,image_0935,image_0909,2,image_0919,1550,image_0918,1604
730,image_0311,image_0312,529,image_0313,713,image_0310,1400
731,image_0464,image_0414,0,image_0477,3592,image_0257,4409
732,image_0993,image_1018,0,image_1142,699,image_1176,700
733,image_0015,image_0992,3816,image_1011,3816,image_0257,4673
734,image_0809,image_0873,1296,image_0819,1309,image_1235,1373
735,image_0377,image_0353,2224,image_0629,2262,image_0943,2390
736,image_1310,image_1326,2763,image_0257,3948,image_0272,4146
737,image_0820,image_0855,0,image_0858,227,image_1325,491
738,image_0388,image_0096,1447,image_0720,1472,image_1262,1482
739,image_0217,image_0229,363,image_1093,2442,image_0140,2490
740,image_1093,image_0187,1325,image_1085,1426,image_0257,2357
741,image_1141,image_1166,1845,image_1184,1846,image_0875,1913
742,image_0890,image_0914,1293,image_0903,1347,image_0901,1370
743,image_0861,image_0557,1309,image_0844,1418,image_0824,1455
744,image_1235,image_0591,918,image_0828,925,image_0848,931
745,image_1057,image_1112,1087,image_0597,1218,image_1058,1268
746,image_0573,image_0171,1529,image_0591,1787,image_0874,2234
747,image_0986,image_1007,0,image_1196,1119,image_0575,1575
748,image_0122,image_0096,473,image_1170,478,image_1151,478
749,image_0059,image_0874,1213,image_0845,1232,image_0259,1260
750,image_0102,image_0537,1844,image_1336,1860,image_0510,2203
751,image_0229,image_0217,1480,image_1085,2122,image_0140,2134
752,image_1358,image_0133,2622,image_0339,2707,image_0922,2810
753,image_0507,image_0461,1611,image_0874,1673,image_0876,1781
754,image_0879,image_0145,1117,image_0222,1268,image_0859,1292
755,image_0850,image_0823,0,image_0852,298,image_1201,670
756,image_0651,image_0667,978,image_0665,2308,image_0581,2485
757,image_0856,image_0811,0,image_0591,605,image_0845,703
758,image_0607,image_1303,2696,image_0257,3093,image_0867,3557
759,image_0754,image_1155,1375,image_1006,1604,image_0948,1695
760,image_0939,image_0597,552,image_0947,561,image_0858,768
761,image_0205,image_0115,1583,image_0557,1743,image_0073,2144
762,image_0095,image_0101,904,image_0581,972,image_1121,1024
763,image_0353,image_0120,1019,image_0207,1025,image_0375,1123
764,image_0165,image_0557,1319,image_1044,3265,image_0085,3812
765,image_0467,image_0434,0,image_0539,3587,image_1140,3774
766,image_0113,image_0257,1842,image_1163,1997,image_0791,2451
767,image_0872,image_0876,1382,image_0804,1402,image_0363,1457
768,image_0208,image_0097,400,image_0874,614,image_0875,724
769,image_0302,image_0269,1375,image_0273,2086,image_0271,2124
770,image_1236,image_0591,515,image_0875,936,image_0097,948
771,image_0941,image_0457,1004,image_0363,1141,image_0942,1158
772,image_0159,image_0817,1281,image_0808,1349,image_0822,1383
773,image_0067,image_0948,665,image_0526,791,image_0591,808
774,image_1293,image_0403,3360,image_0475,3361,image_0200,3835
775,image_0779,image_0591,596,image_0948,1055,image_0858,1260
776,image_0552,image_1029,1839,image_1153,1863,image_0591,1912
777,image_0529,image_0791,1651,image_1162,3779,image_0487,7454
778,image_1296,image_0948,1031,image_0591,1271,image_1166,1463
779,image_0492,image_0797,2158,image_0791,4760,image_0591,5105
780,image_1100,image_0542,1762,image_1119,1844,image_0537,2132
781,image_0355,image_0376,3139,image_0353,3185,image_0629,3299
782,image_0812,image_1201,1287,image_0291,1393,image_1277,1452
783,image_0378,image_0091,1615,image_0216,2205,image_0112,2370
784,image_1246,image_0955,895,image_0562,944,image_0587,958
785,image_0681,image_0642,1307,image_1148,1813,image_0791,3043
786,image_0420,image_0591,396,image_0845,433,image_0874,1038
787,image_0193,image_0019,1656,image_1180,1671,image_1174,1673
788,image_0627,image_0101,1361,image_0805,1444,image_0322,1477
789,image_0716,image_0562,1284,image_0739,1320,image_1184,1376
790,image_1129,image_0557,684,image_1303,1070,image_0822,2035
791,image_0101,image_0875,228,image_0817,245,image_0097,355
792,image_1110,image_1112,1049,image_0068,1420,image_1075,1500
793,image_1170,image_1151,0,image_0257,643,image_0404,644
794,image_0296,image_0867,3371,image_1354,3371,image_0797,3961
795,image_0931,image_0910,1526,image_0937,1526,image_0905,1819
796,image_1245,image_1214,0,image_0257,1142,image_1303,1158
797,image_0062,image_1166,501,image_0566,662,image_1183,752
798,image_0974,image_1003,437,image_1303,1247,image_1006,1307
799,image_0189,image_0623,1960,image_0125,2257,image_0152,2350
800,image_0632,image_0706,2901,image_1105,3083,image_1080,3128
801,image_1195,image_0193,1110,image_0257,1180,image_0316,1281
802,image_1155,image_1006,382,image_0845,1054,image_1031,1231
803,image_1038,image_1163,1260,image_1187,1320,image_0739,1624
804,image_0987,image_0996,1103,image_0727,1129,image_1121,1173
805,image_0181,image_1164,378,image_0171,381,image_0845,503
806,image_1256,image_0537,1216,image_0875,1596,image_1184,1662
807,image_0409,image_0257,3151,image_1085,3334,image_0557,4494
808,image_1062,image_0257,1441,image_1354,1730,image_0557,2273
809,image_0470,image_0433,0,image_0425,2038,image_0557,3204
810,image_1209,image_0363,243,image_0457,506,image_0591,1493
811,image_1356,image_0101,1045,image_0612,1105,image_0875,1112
812,image_0928,image_0900,1539,image_0914,1735,image_1004,1763
813,image_0120,image_0101,780,image_0875,1161,image_0817,1192
814,image_0383,image_0207,712,image_0900,802,image_0104,833
815,image_0960,image_0625,1006,image_1090,1449,image_0543,1679
816,image_1267,image_0200,768,image_1277,852,image_0097,864
817,image_1132,image_0557,1893,image_0967,1906,image_0875,1943
818,image_0379,image_0845,1824,image_1166,1856,image_0591,1865
819,image_0893,image_0929,0,image_0902,2317,image_0914,2513
820,image_1163,image_0257,875,image_0193,2322,image_0797,3106
821,image_1311,image_1327,0,image_0250,3173,image_0249,3316
822,image_0412,image_0986,1859,image_1007,1868,image_1349,1886
823,image_1107,image_1354,2710,image_1103,2723,image_0557,2824
824,image_0896,image_1006,1097,image_0858,1101,image_0591,1102
825,image_0791,image_0557,2017,image_0257,5372,image_1248,9701
826,image_1275,image_1239,560,image_0720,647,image_0461,797
827,image_1260,image_0557,2779,image_0801,2781,image_1354,3283
828,image_1139,image_0557,1974,image_1336,2233,image_0247,2578
829,image_1101,image_1198,1142,image_1115,1267,image_0060,1356
830,image_0004,image_0591,1143,image_1325,3007,image_0566,3227
831,image_1226,image_1248,0,image_0557,773,image_0856,2929
832,image_0587,image_1031,510,image_0948,685,image_0845,706
833,image_1239,image_1201,809,image_0291,909,image_0845,1732
834,image_0709,image_0387,2111,image_0596,2230,image_0050,2364
835,image_1168,image_1150,0,image_1196,1524,image_1163,1623
836,image_1202,image_1243,1145,image_0257,1788,image_0510,2673
837,image_0346,image_0567,2178,image_0557,2645,image_0162,2767
838,image_1339,image_0591,898,image_1236,2261,image_1170,2978
839,image_0049,image_0026,424,image_0596,1788,image_0030,1791
840,image_0166,image_0526,557,image_0535,746,image_0591,1513
841,image_0881,image_1155,709,image_1006,757,image_1031,861
842,image_1351,image_0162,1528,image_0257,1529,image_0239,2432
843,image_0270,image_0267,985,image_0269,1219,image_0271,1237
844,image_0655,image_1085,2272,image_1185,2273,image_0186,2413
845,image_1288,image_1193,2090,image_1336,2113,image_0562,2287
846,image_0450,image_0616,1956,image_0638,2083,image_0161,2316
847,image_0946,image_0612,1759,image_0948,1984,image_0591,1994
848,image_0674,image_0698,930,image_0596,2128,image_0207,2172
849,image_0332,image_0101,917,image_1236,1120,image_0875,1153
850,image_0069,image_1190,1412,image_0713,1973,image_1097,2014
851,image_0702,image_0652,2743,image_0608,2823,image_0185,3009
852,image_1240,image_0557,1308,image_1303,1887,image_0257,2512
853,image_0864,image_0845,2871,image_0591,2944,image_0822,3111
854,image_0214,image_1198,3857,image_0821,4461,image_0847,4519
855,image_0768,image_0737,1247,image_0910,2341,image_0937,2342
856,image_0491,image_0573,1866,image_0614,2067,image_0011,2380
857,image_0393,image_0257,3458,image_0867,3490,image_0816,3504
858,image_0586,image_1129,1437,image_1184,1468,image_1164,1624
859,image_0375,image_0101,348,image_0084,444,image_0291,517
860,image_0018,image_1044,4572,image_0187,5454,image_1187,6344
861,image_0733,image_0567,2743,image_0363,2921,image_0867,3012
862,image_0042,image_0002,0,image_0955,1284,image_0948,1293
863,image_0144,image_0162,943,image_0817,1011,image_0101,1049
864,image_0846,image_0591,625,image_0316,789,image_1133,871
865,image_0827,image_0566,719,image_0591,726,image_0038,826
866,image_0149,image_0116,700,image_0122,864,image_0843,958
867,image_0524,image_0081,848,image_0174,946,image_1075,987
868,image_1263,image_0145,1255,image_0095,1554,image_0104,1556
869,image_0036,image_0948,1050,image_1006,1113,image_0874,1140
870,image_0564,image_0057,1107,image_0588,1280,image_0566,1287
871,image_0703,image_0673,299,image_0257,3475,image_0791,7207
872,image_0643,image_1226,1701,image_1248,1701,image_0557,2205
873,image_1182,image_1093,1401,image_0187,1519,image_1180,1865
874,image_1180,image_1303,860,image_0247,963,image_0557,1681
875,image_0566,image_0845,789,image_0591,960,image_1166,1566
876,image_1298,image_1339,1201,image_1198,1232,image_0200,1366
877,image_1073,image_0174,1061,image_0686,1163,image_1075,1192
878,image_0988,image_1008,0,image_1112,1479,image_1196,1683
879,image_0274,image_0943,3233,image_0618,3312,image_0050,3417
880,image_0417,image_1085,2700,image_0257,2753,image_1174,2848
881,image_0099,image_1153,1720,image_0797,3173,image_0487,3555
882,image_0751,image_1259,1379,image_0234,1467,image_1099,1516
883,image_1126,image_0948,756,image_0874,1243,image_1129,1590
884,image_0210,image_0141,938,image_1164,999,image_0591,1060
885,image_1049,image_1006,1806,image_0022,1877,image_0614,1888
886,image_0619,image_0181,676,image_0171,770,image_1258,770
887,image_1122,image_0566,774,image_1184,785,image_0214,878
888,image_0932,image_0908,0,image_0947,2024,image_1166,2213
889,image_0150,image_0248,1467,image_0247,1885,image_1148,3452
890,image_0335,image_0234,923,image_0101,974,image_0875,1012
891,image_0920,image_0257,2180,image_0404,2534,image_1006,3135
892,image_0803,image_0818,1230,image_0101,1308,image_0239,1325
893,image_1076,image_0948,1896,image_0557,1927,image_1336,2125
894,image_1128,image_1144,673,image_0821,1474,image_0847,1475
895,image_0002,image_0042,0,image_0955,1285,image_0948,1303
896,image_0448,image_0224,2229,image_0537,2725,image_0234,3042
897,image_0911,image_0581,2004,image_0797,2128,image_1014,2252
898,image_1140,image_1166,791,image_0316,919,image_0591,927
899,image_1314,image_0822,836,image_0291,882,image_0845,891
900,image_0982,image_1017,0,image_0894,964,image_0948,1108
901,image_0280,image_1160,1443,image_1140,3177,image_1085,4408
902,image_1115,image_1129,694,image_0821,877,image_0847,878
903,image_0155,image_0955,1995,image_0591,2037,image_0291,2088
904,image_0366,image_0363,1016,image_0457,1077,image_0316,1099
905,image_1089,image_1011,2003,image_0992,2003,image_0867,2047
906,image_0533,image_0554,3072,image_0187,3450,image_1085,3760
907,image_0352,image_0291,1134,image_1239,1174,image_0612,1315
908,image_0324,image_0257,2307,image_0316,2421,image_0104,2438
909,image_0611,image_0603,74,image_0257,2279,image_1354,3369
910,image_0065,image_0566,996,image_0591,999,image_0316,1041
911,image_1137,image_1354,1436,image_0557,1547,image_0510,1943
912,image_0374,image_0216,3661,image_0791,3743,image_0557,4173
913,image_0358,image_0720,754,image_0291,805,image_0316,2125
914,image_0560,image_1068,1914,image_0088,2064,image_0686,2122
915,image_1320,image_1349,2454,image_0322,2513,image_0333,2541
916,image_0460,image_0429,0,image_0466,4375,image_0404,4569
917,image_0575,image_0576,456,image_0597,1088,image_0060,1102
918,image_0689,image_0669,156,image_0291,1038,image_0720,1121
919,image_0831,image_0867,3932,image_0791,6710,image_0257,12027
920,image_1003,image_0974,197,image_1129,963,image_0576,1110
921,image_0246,image_0363,329,image_0874,439,image_0111,469
922,image_0194,image_1118,3257,image_0537,3298,image_1354,3703
923,image_1143,image_0247,2388,image_1181,2431,image_0257,2742
924,image_0511,image_0234,832,image_0535,1030,image_0875,1046
925,image_0396,image_0805,762,image_0612,792,image_0291,950
926,image_1359,image_0537,2235,image_1336,2788,image_0317,2923
927,image_0337,image_0867,2239,image_0162,2353,image_0257,2542
928,image_1295,image_1180,1836,image_1174,2098,image_0187,2266
929,image_0180,image_0234,623,image_0875,726,image_0181,867
930,image_0200,image_1166,371,image_0591,409,image_0257,676
931,image_1217,image_1153,743,image_0257,829,image_0845,1019
932,image_1029,image_0591,521,image_1098,746,image_0597,1354
933,image_0433,image_0470,0,image_0425,2037,image_0557,3204
934,image_0153,image_0353,1774,image_0382,1813,image_0956,2008
935,image_0621,image_0686,657,image_1075,885,image_0228,913
936,image_0568,image_1170,892,image_1151,892,image_1031,1157
937,image_1258,image_0845,322,image_0171,378,image_0874,396
938,image_1048,image_0174,985,image_1098,1112,image_1198,1148
939,image_0135,image_1248,2116,image_1226,2116,image_0257,2131
940,image_0230,image_0875,1031,image_0101,1112,image_0874,1190
941,image_1158,image_0071,883,image_1155,1192,image_1006,1226
942,image_1329,image_1354,2540,image_0233,2794,image_0334,2893
943,image_0540,image_0237,1105,image_1196,1193,image_0092,1261
944,image_1280,image_0183,1264,image_0220,1359,image_0209,1524
945,image_0704,image_0675,1146,image_0637,3124,image_0098,3321
946,image_0755,image_1187,1499,image_1163,1650,image_1174,1955
947,image_0608,image_0943,1448,image_0604,1879,image_0922,1986
948,image_0469,image_0422,0,image_0557,1650,image_0510,2135
949,image_1054,image_1115,2136,image_1180,2455,image_1000,2486
950,image_0981,image_1146,2128,image_1165,2135,image_0557,2537
951,image_0712,image_0228,1814,image_0686,1827,image_1075,1868
952,image_0504,image_0136,1919,image_0543,2340,image_0186,2376
953,image_0793,image_1014,2367,image_1303,2641,image_0557,2681
954,image_0531,image_0186,4326,image_0692,4451,image_0537,4456
955,image_1189,image_0618,2299,image_1223,2517,image_0557,2623
956,image_0443,image_0424,0,image_0557,1929,image_0741,2103
957,image_0996,image_1142,501,image_1176,502,image_0022,671
958,image_1281,image_1355,2235,image_0130,3925,image_0637,3950
959,image_1016,image_0971,256,image_1000,994,image_1199,1443
960,image_1253,image_0461,764,image_0874,896,image_0817,897
961,image_0520,image_0172,2145,image_0168,2197,image_0513,2229
962,image_0255,image_0140,1837,image_0237,1985,image_1148,2141
963,image_0918,image_0910,387,image_0937,388,image_1155,709
964,image_1130,image_1148,2563,image_0186,3026,image_1014,3512
965,image_0903,image_0949,143,image_0901,332,image_1166,638
966,image_0849,image_0805,698,image_0591,702,image_0845,736
967,image_0950,image_0947,1510,image_0207,2058,image_0597,2075
968,image_1208,image_0083,1570,image_0557,1663,image_0101,1839
969,image_1332,image_1163,1623,image_0797,2085,image_1187,2099
970,image_0441,image_1336,2425,image_1354,2642,image_0602,3356
971,image_0454,image_0133,2240,image_0050,2385,image_0059,2501
972,image_0908,image_0932,0,image_0947,2011,image_1166,2211
973,image_1242,image_1205,244,image_1235,683,image_1231,764
974,image_0944,image_0363,845,image_0457,874,image_0858,962
975,image_1274,image_0200,649,image_1277,949,image_0101,966
976,image_1190,image_1139,549,image_1336,1507,image_0510,1738
977,image_1167,image_1354,1492,image_1098,1505,image_0801,1578
978,image_0075,image_0612,443,image_0316,799,image_0207,1043
979,image_0665,image_0651,582,image_0667,925,image_0581,2438
980,image_1075,image_0200,671,image_0228,736,image_0497,751
981,image_0722,image_1126,1714,image_0040,1743,image_0948,1748
982,image_0698,image_0674,620,image_0596,1915,image_0581,1948
983,image_1319,image_0797,3925,image_0791,7296,image_1163,13537
984,image_1225,image_0136,1460,image_0844,1644,image_0686,1680
985,image_0839,image_0860,463,image_0833,463,image_0812,710
986,image_1086,image_1075,1303,image_1195,1508,image_0543,1724
987,image_0955,image_0591,464,image_1303,611,image_0845,1097
988,image_1071,image_0140,1756,image_0235,1790,image_1080,1813
989,image_0862,image_0836,0,image_0874,598,image_0461,706
990,image_0685,image_0591,987,image_0022,1474,image_1006,1918
991,image_1011,image_0992,0,image_1303,1994,image_1354,2861
992,image_0919,image_0894,813,image_1006,896,image_0071,953
993,image_0361,image_0084,981,image_0122,1015,image_0461,1017
994,image_0432,image_0896,1641,image_1013,1687,image_0894,1710
995,image_0644,image_0186,2001,image_0092,2033,image_0291,2123
996,image_0228,image_0591,639,image_1133,764,image_1164,767
997,image_0077,image_0948,828,image_1325,832,image_0171,1099
998,image_0594,image_0593,869,image_1006,1260,image_0948,1283
999,image_0426,image_1187,3355,image_0458,3474,image_0257,3775
1000,image_0203,image_0688,1847,image_0943,1990,image_1217,2032
1001,image_0747,image_0022,2490,image_1155,2547,image_1176,2575
1002,image_1059,image_0257,2484,image_1336,2549,image_0510,2993
1003,image_0663,image_0065,2258,image_0259,2512,image_0847,2513
1004,image_0518,image_1196,2539,image_0136,2542,image_0181,2940
1005,image_0171,image_0161,118,image_0591,502,image_0291,662
1006,image_0799,image_0557,2252,image_1303,2330,image_0773,5326
1007,image_0934,image_0797,1264,image_0905,1382,image_0363,1405
1008,image_0348,image_1034,1391,image_1191,1438,image_0116,1442
1009,image_1304,image_1227,1649,image_1313,1725,image_1099,1792
1010,image_0854,image_1235,646,image_0860,705,image_0833,718
1011,image_0762,image_0057,1125,image_0575,1186,image_1166,1236
1012,image_0056,image_0029,375,image_0207,1595,image_0591,1683
1013,image_0074,image_0257,2282,image_0867,2448,image_0207,2572
1014,image_0382,image_0805,641,image_0591,856,image_1006,910
1015,image_0723,image_0057,1633,image_0901,1665,image_0101,1669
1016,image_0884,image_0939,839,image_0597,973,image_0588,993
1017,image_0570,image_0136,1526,image_0581,1532,image_0099,1592
1018,image_1134,image_1164,112,image_1303,699,image_0822,888
1019,image_1214,image_1245,0,image_0257,1153,image_1303,1158
1020,image_1193,image_0822,937,image_1303,965,image_0867,975
1021,image_0110,image_0101,844,image_0457,949,image_0363,965
1022,image_1300,image_0257,4581,image_0557,8975,image_0591,14981
1023,image_1309,image_0603,2812,image_0611,2864,image_1118,3291
1024,image_0696,image_1098,495,image_0875,497,image_0964,547
1025,image_0697,image_0612,455,image_0316,602,image_0291,613
1026,image_1039,image_0257,2830,image_0797,3098,image_0216,3103
1027,image_0115,image_1181,1068,image_0878,1290,image_0248,1293
1028,image_1292,image_0845,439,image_0591,455,image_0822,499
1029,image_1144,image_0404,1211,image_1303,1264,image_0162,1270
1030,image_0875,image_0845,323,image_0817,844,image_1236,1063
1031,image_0901,image_0845,654,image_1166,730,image_0949,811
1032,image_0499,image_1354,2409,image_0614,3464,image_0074,5772
1033,image_0161,image_0171,53,image_0566,384,image_0022,399
1034,image_1179,image_1303,2140,image_0557,2487,image_0162,3280
1035,image_1078,image_0162,1616,image_0537,1753,image_0557,1882
1036,image_0769,image_0055,2473,image_0557,2563,image_0092,2860
1037,image_0505,image_1198,3122,image_0200,3213,image_0199,3265
1038,image_0248,image_1303,1561,image_0213,1669,image_1173,1671
1039,image_1325,image_1308,67,image_0591,265,image_0066,1516
1040,image_0618,image_0193,2240,image_1187,2398,image_0677,2618
1041,image_0519,image_0557,1790,image_0867,5312,image_0859,7664
1042,image_1197,image_1199,519,image_1277,640,image_0597,719
1043,image_0231,image_0171,1287,image_0291,1325,image_0566,1484
1044,image_1088,image_0739,1244,image_0587,1432,image_0597,1658
1045,image_0975,image_1126,1253,image_1129,1356,image_1006,1439
1046,image_0569,image_0057,643,image_0597,810,image_0566,853
1047,image_0212,image_0562,1305,image_0503,1351,image_0248,1548
1048,image_1060,image_1107,2215,image_0604,2325,image_1097,2600
1049,image_0508,image_0527,3364,image_1129,3465,image_1114,3494
1050,image_0007,image_0597,685,image_0845,848,image_0591,861
1051,image_0657,image_0225,2259,image_0720,2456,image_0096,2503
1052,image_0136,image_1188,1463,image_0797,1517,image_1196,1582
1053,image_0063,image_0031,0,image_0566,772,image_0591,939
1054,image_0085,image_1166,784,image_0591,947,image_0257,1019
1055,image_0222,image_0817,321,image_0181,334,image_0171,336
1056,image_0188,image_0196,18,image_0212,1630,image_0257,2511
1057,image_0949,image_0903,229,image_0901,322,image_1166,464
1058,image_0828,image_0848,0,image_0858,790,image_1325,877
1059,image_0825,image_0948,1016,image_1275,1034,image_1201,1079
1060,image_0259,image_0591,316,image_1170,558,image_1151,578
1061,image_0506,image_1164,1318,image_1153,1335,image_1134,1553
1062,image_0118,image_1163,1241,image_0239,1401,image_0136,1616
1063,image_1125,image_1124,885,image_1183,894,image_1129,942
1064,image_0321,image_0125,2945,image_0082,3121,image_0128,3380
1065,image_1098,image_1058,596,image_0597,620,image_0566,670
1066,image_1249,image_0101,872,image_0145,922,image_0104,932
1067,image_0160,image_1342,1778,image_0109,1942,image_0236,1948
1068,image_0158,image_0291,311,image_0591,394,image_0461,421
1069,image_0835,image_0234,626,image_0873,816,image_1339,838
1070,image_0547,image_1194,1590,image_0537,2214,image_0625,2277
1071,image_1034,image_1193,1133,image_0166,1232,image_0602,1317
1072,image_0173,image_1063,2036,image_0144,2041,image_0922,2376
1073,image_0218,image_0081,1065,image_0875,1074,image_0172,1176
1074,image_0942,image_0858,492,image_1201,499,image_0291,511
1075,image_0637,image_0692,1767,image_0596,1896,image_0602,2325
1076,image_0009,image_0050,2532,image_1162,3011,image_0557,3067
1077,image_0999,image_1031,962,image_1006,972,image_0948,1119
1078,image_0447,image_0421,0,image_1058,1485,image_0557,1860
1079,image_1047,image_1090,1355,image_0960,1642,image_0998,1771
1080,image_0701,image_1179,4243,image_0779,4647,image_0721,4703
1081,image_0711,image_0116,1851,image_1118,1949,image_0621,2346
1082,image_0473,image_0257,2513,image_0797,2554,image_1162,3310
1083,image_1321,image_0101,972,image_1210,992,image_0363,1058
1084,image_0444,image_0845,1996,image_0291,2006,image_0111,2113
1085,image_0871,image_0805,1393,image_0591,1620,image_1201,1875
1086,image_0256,image_0867,2281,image_1354,2284,image_1193,2660
1087,image_0583,image_1129,1674,image_0586,2176,image_1174,2483
1088,image_0368,image_0207,1877,image_0364,2045,image_0104,2444
1089,image_0804,image_0461,913,image_1231,986,image_1201,1011
1090,image_1279,image_0237,1610,image_1123,1831,image_1177,1842
1091,image_0031,image_0063,0,image_0566,771,image_0591,939
1092,image_1072,image_0591,655,image_0171,794,image_0208,950
1093,image_0073,image_0257,1557,image_1325,1681,image_0291,1689
1094,image_1172,image_1354,1586,image_0614,1878,image_1303,2111
1095,image_0347,image_0246,2415,image_0375,2454,image_0101,2454
1096,image_0381,image_0112,1946,image_0091,1998,image_1248,2505
1097,image_0968,image_1198,907,image_0967,1102,image_1115,1258
1098,image_0288,image_0095,1458,image_1299,1591,image_0571,1642
1099,image_1052,image_1183,730,image_1058,923,image_0901,959
1100,image_0140,image_0237,1175,image_0187,1394,image_0193,1429
1101,image_0851,image_1154,1089,image_1173,1092,image_0844,2226
1102,image_1113,image_1098,674,image_0948,831,image_0235,1131
1103,image_1187,image_0257,730,image_0193,1853,image_1044,2288
1104,image_0528,image_0141,1404,image_1325,1566,image_0247,1738
1105,image_0840,image_0839,857,image_0803,985,image_0837,1042
1106,image_0299,image_0257,2006,image_0171,2134,image_1325,2255
1107,image_0206,image_0257,1418,image_1000,1451,image_1163,1529
1108,image_0837,image_0812,1144,image_1339,1363,image_1277,1418
1109,image_0863,image_0098,1405,image_0186,1651,image_0136,1715
1110,image_0630,image_0200,2304,image_0232,2335,image_1115,2399
1111,image_0549,image_0591,714,image_0720,855,image_0171,996
1112,image_1092,image_1093,2708,image_0488,2981,image_1119,3289
1113,image_0478,image_1262,3123,image_1277,3438,image_0720,3503
1114,image_0281,image_1140,1590,image_1185,1816,image_1174,1865
1115,image_0585,image_1164,898,image_1135,965,image_1097,1051
1116,image_0119,image_0101,2084,image_1248,2299,image_1226,2300
1117,image_1142,image_1176,0,image_1006,413,image_0948,585
1118,image_0363,image_1325,691,image_0457,831,image_0591,1211
1119,image_0550,image_1075,916,image_0228,999,image_0686,1375
1120,image_0902,image_0257,1506,image_0404,1784,image_0938,2157
1121,image_0285,image_0233,3325,image_0228,3406,image_1080,3428
1122,image_1156,image_0566,1615,image_1166,1623,image_1133,1651
1123,image_0328,image_1000,1145,image_1196,1180,image_0174,1388
1124,image_0395,image_1153,1515,image_0557,1537,image_1144,1560
1125,image_1094,image_1112,1427,image_0033,1477,image_0046,1477
1126,image_0215,image_1170,1607,image_1151,1608,image_0845,1635
1127,image_0112,image_0193,1376,image_0791,1718,image_0557,1913
1128,image_0391,image_0715,2149,image_1354,2219,image_0207,2266
1129,image_0394,image_0322,2053,image_0075,2193,image_0352,2339
1130,image_0440,image_1184,1327,image_0851,1513,image_0873,1527
1131,image_0356,image_0362,208,image_0207,1885,image_0364,1955
1132,image_0330,image_0084,1162,image_0101,1198,image_0875,1233
1133,image_0185,image_0162,1114,image_0257,1117,image_1354,1801
1134,image_0710,image_1132,1063,image_0602,1172,image_0883,1249
1135,image_0647,image_1148,1119,image_0239,1254,image_1062,1270
1136,image_1221,image_0193,1366,image_0237,1621,image_0557,1737
1137,image_0184,image_0234,1123,image_0875,1161,image_0097,1343
1138,image_0604,image_0257,1946,image_1354,2681,image_0162,3825
1139,image_0105,image_1308,1860,image_1325,1866,image_1236,1875
1140,image_0874,image_0461,611,image_1325,1051,image_0291,1156
1141,image_0019,image_0257,1929,image_1303,1951,image_0557,2019
1142,image_0489,image_0511,2285,image_1190,2609,image_1107,2613
1143,image_1188,image_0557,2362,image_1303,3717,image_0257,6840
1144,image_0125,image_0082,1063,image_0237,1379,image_0157,1564
1145,image_1343,image_1336,2485,image_0867,4097,image_0557,4619
1146,image_0404,image_1124,2083,image_1006,2084,image_1151,2084
1147,image_0700,image_0662,432,image_1193,2574,image_0614,2639
1148,image_0956,image_0905,1546,image_0322,1549,image_0612,1657
1149,image_0745,image_1123,1460,image_1177,1462,image_1174,2120
1150,image_0196,image_0188,22,image_0212,1632,image_0206,2306
1151,image_0510,image_1148,14500,image_0557,16141,image_1140,24607
1152,image_0916,image_0905,1364,image_0919,1610,image_0948,1657
1153,image_0008,image_0030,1560,image_0614,1699,image_1129,1766
1154,image_0642,image_0681,555,image_0707,2208,image_0050,3004
1155,image_0516,image_0492,2161,image_0539,2376,image_0098,4376
1156,image_1201,image_0291,1321,image_0845,1793,image_1325,1919
1157,image_0984,image_1000,1594,image_1115,1648,image_1196,1694
1158,image_1312,image_0277,2324,image_0095,2375,image_1273,2383
1159,image_1205,image_1242,142,image_1235,802,image_0851,1138
1160,image_0249,image_0250,1179,image_0581,1536,image_0442,1678
1161,image_0938,image_0598,862,image_1006,921,image_0845,1106
1162,image_0012,image_1166,1729,image_0967,1810,image_0845,1984
1163,image_0638,image_0858,636,image_0111,784,image_0171,796
1164,image_0892,image_0944,680,image_0363,920,image_0457,922
1165,image_1123,image_1177,0,image_1267,1748,image_0247,1813
1166,image_1164,image_1134,283,image_0822,373,image_1303,742
1167,image_0844,image_0824,602,image_0257,1186,image_1303,1508
1168,image_1135,image_0591,480,image_1133,593,image_1164,594
1169,image_0943,image_0898,1646,image_0797,2740,image_0867,3062
1170,image_0541,image_0956,1804,image_0616,1825,image_0145,2075
1171,image_0032,image_0591,1652,image_1164,1886,image_0247,2206
1172,image_0795,image_1031,1402,image_0363,1424,image_0101,1436
1173,image_0841,image_0802,0,image_0510,1385,image_0557,1437
1174,image_0659,image_1343,3011,image_1269,3119,image_0085,3152
1175,image_0870,image_0239,1650,image_0186,1669,image_0692,1671
1176,image_0029,image_0056,530,image_0797,1877,image_0948,1971
1177,image_0060,image_1129,504,image_1006,655,image_1151,1129
1178,image_0179,image_0875,1616,image_0591,1803,image_0234,1907
1179,image_0496,image_0222,1487,image_0181,1515,image_0161,1543
1180,image_0226,image_0200,1397,image_1166,1607,image_0566,1642
1181,image_1044,image_0562,654,image_0566,688,image_1164,804
1182,image_0201,image_0591,1225,image_0291,1393,image_0875,1616
1183,image_1068,image_1121,881,image_1198,1012,image_0497,1038
1184,image_0350,image_0136,2639,image_1347,2709,image_0331,2848
1185,image_0438,image_0539,3687,image_0510,3733,image_0867,4715
1186,image_0753,image_0867,1450,image_0557,1493,image_0801,1703
1187,image_1283,image_1198,1469,image_0967,1518,image_0200,1657
1188,image_0961,image_0885,2141,image_0078,2544,image_0900,2553
1189,image_1147,image_1303,1323,image_0257,1390,image_0557,1390
1190,image_0174,image_0562,455,image_1198,680,image_0999,949
1191,image_0423,image_0136,2328,image_0797,3103,image_1239,3167
1192,image_0715,image_0692,1328,image_0207,1440,image_1181,1646
1193,image_0016,image_0566,1245,image_0030,1250,image_0591,1366
1194,image_0227,image_1105,2523,image_0228,2654,image_0122,2719
1195,image_0051,image_0028,0,image_0316,733,image_0612,777
1196,image_0080,image_0072,717,image_0060,905,image_1098,936
1197,image_0819,image_0873,84,image_1236,612,image_0875,645
1198,image_0927,image_0050,1885,image_0581,2026,image_0596,2034
1199,image_1162,image_1122,454,image_0566,1101,image_1154,2048
1200,image_0041,image_0115,1438,image_0163,1845,image_0635,1903
1201,image_0425,image_0433,1087,image_0470,1088,image_0257,1716
1202,image_1340,image_0637,1725,image_0144,2223,image_1249,2252
1203,image_0291,image_0591,703,image_1151,819,image_1170,823
1204,image_0252,image_0817,1487,image_0822,1530,image_0457,1547
1205,image_0400,image_0104,1108,image_0382,1144,image_0122,1272
1206,image_1349,image_0101,1023,image_0316,1157,image_0875,1211
1207,image_1077,image_0692,1343,image_0116,1397,image_0537,1490
1208,image_0660,image_0257,3906,image_0791,6548,image_0797,6741
1209,image_0693,image_0671,409,image_0720,813,image_0612,886
1210,image_0842,image_0814,163,image_0851,952,image_0591,1597
1211,image_0141,image_0591,363,image_1166,385,image_1006,472
1212,image_0658,image_0239,2201,image_1336,2600,image_0537,2622
1213,image_0843,image_0826,357,image_0207,672,image_0818,822
1214,image_0182,image_0257,1857,image_1162,4421,image_1336,4770
1215,image_1352,image_0614,1349,image_1193,1649,image_1121,1762
1216,image_0493,image_0526,1082,image_0199,1557,image_0591,1656
1217,image_0979,image_0005,1366,image_0987,1498,image_1003,1851
1218,image_0777,image_0756,0,image_1153,1501,image_0101,1568
1219,image_1215,image_1201,412,image_1277,544,image_0291,572
1220,image_0224,image_0081,1120,image_1339,1371,image_0234,1377
1221,image_0070,image_1354,845,image_0875,1027,image_0171,1086
1222,image_0093,image_0581,1201,image_0136,1456,image_1270,1607
1223,image_1185,image_1174,1278,image_0257,2031,image_0592,2146
1224,image_1278,image_0237,1027,image_0186,1342,image_0187,1502
1225,image_0582,image_0614,1230,image_1354,1399,image_1193,1502
1226,image_0046,image_0033,0,image_1184,1018,image_1126,1419
1227,image_1186,image_1147,722,image_1196,803,image_1198,1205
1228,image_0713,image_0791,912,image_0248,953,image_0247,1112
1229,image_1229,image_0257,1234,image_0247,1273,image_0955,1731
1230,image_0290,image_0592,1163,image_1174,1288,image_1148,1296
1231,image_0096,image_0566,658,image_1166,924,image_0291,999
1232,image_0380,image_0352,2085,image_0199,2566,image_0216,2597
1233,image_0543,image_0136,1424,image_0199,1582,image_0200,1700
1234,image_0399,image_0390,5568,image_0698,6612,image_0681,6694
1235,image_1228,image_1271,850,image_1218,930,image_1259,962
1236,image_0669,image_0689,249,image_0867,1845,image_0291,2406
1237,image_0104,image_0948,366,image_0316,404,image_0874,441
1238,image_1031,image_1006,255,image_0948,707,image_0894,871
1239,image_0868,image_0841,747,image_0802,748,image_0867,817
1240,image_1118,image_0955,1276,image_0948,1615,image_0591,1658
1241,image_0866,image_0838,0,image_0873,682,image_0804,751
1242,image_0414,image_0464,0,image_0477,3596,image_0257,4412
1243,image_0028,image_0051,0,image_0316,733,image_0612,777
1244,image_0453,image_0439,0,image_0257,4957,image_0162,6319
1245,image_1211,image_0557,1458,image_1303,1538,image_0867,2097
1246,image_1328,image_0237,2430,image_1029,2472,image_0228,2483
1247,image_0891,image_0905,1318,image_0591,1812,image_0948,1838
1248,image_0340,image_0307,1257,image_0095,1548,image_0174,1689
1249,image_1024,image_0614,1003,image_1193,1713,image_1014,1859
1250,image_1055,image_1115,1172,image_1270,1211,image_1196,1319
1251,image_0770,image_0739,2124,image_0727,2174,image_0910,2294
1252,image_0595,image_0845,1153,image_0591,1189,image_0822,1487
1253,image_0244,image_0242,992,image_0243,1143,image_0254,3873
1254,image_0364,image_0101,680,image_0122,691,image_0084,812
1255,image_1104,image_1162,2332,image_0257,2415,image_0315,2556
1256,image_0775,image_0557,2016,image_0257,3485,image_0845,4762
1257,image_0312,image_0313,449,image_0311,1211,image_0162,2468
1258,image_0407,image_0111,2254,image_1325,2284,image_0820,2301
1259,image_0806,image_0875,954,image_1236,1001,image_0817,1125
1260,image_1203,image_0136,2013,image_0093,2031,image_1248,2149
1261,image_0087,image_1163,1744,image_0844,1986,image_0113,2141
1262,image_0471,image_0436,0,image_0257,1208,image_1163,1452
1263,image_1302,image_0859,2403,image_0867,2444,image_0816,3118
1264,image_0043,image_0089,1094,image_0101,1095,image_0104,1099
1265,image_1353,image_0200,643,image_0101,695,image_0081,778
1266,image_0064,image_0186,2536,image_1014,2661,image_1041,2837
1267,image_0616,image_0363,725,image_0457,738,image_0858,887
1268,image_1305,image_0290,3752,image_0237,4175,image_0206,4182
1269,image_0721,image_0162,1982,image_0022,2078,image_0566,2087
1270,image_0963,image_0901,571,image_1166,612,image_1183,770
1271,image_0421,image_0447,0,image_1058,1475,image_0557,1851
1272,image_1154,image_1173,0,image_0247,898,image_1303,966
1273,image_0408,image_1162,2364,image_0257,2394,image_0193,2446
1274,image_0233,image_1121,1099,image_1154,1514,image_1173,1529
1275,image_0267,image_0271,1195,image_0964,1810,image_1184,1843
1276,image_0061,image_0614,2612,image_0030,2668,image_0943,2683
1277,image_1019,image_1163,1094,image_1014,1363,image_0739,1531
1278,image_0097,image_1170,144,image_1151,144,image_0111,259
1279,image_0937,image_0910,0,image_1006,294,image_0948,370
1280,image_1218,image_1230,1431,image_0239,1622,image_1267,1686
1281,image_0369,image_0365,2565,image_0557,2933,image_0805,2985
1282,image_1106,image_0185,1941,image_1080,2100,image_0537,2138
1283,image_0574,image_0602,1964,image_0948,2154,image_0442,2162
1284,image_0829,image_1303,1101,image_0557,1453,image_0257,1531
1285,image_0720,image_0591,130,image_1006,148,image_1170,335
1286,image_0329,image_0581,1944,image_1188,2319,image_0257,2328
1287,image_0922,image_0162,1222,image_1303,1260,image_0457,1465
1288,image_0539,image_0797,2882,image_1140,2979,image_1180,3806
1289,image_0037,image_0989,1344,image_1163,1733,image_1007,1754
1290,image_1008,image_0988,0,image_1112,1478,image_1196,1684
1291,image_0305,image_0303,1512,image_0292,1649,image_0267,1787
1292,image_0240,image_0234,875,image_0873,924,image_0503,1036
1293,image_0876,image_0461,286,image_0101,290,image_0363,305
1294,image_0272,image_1148,2464,image_1174,2475,image_0691,2680
1295,image_0915,image_0928,1210,image_0885,2107,image_0900,2483
1296,image_0359,image_0358,1470,image_0612,1613,image_0291,1680
1297,image_0778,image_1303,2278,image_0791,2751,image_1013,3187
1298,image_1252,image_0130,1209,image_0095,1379,image_1349,1647
1299,image_0743,image_0588,2347,image_0060,2454,image_0949,2494
1300,image_0771,image_0736,2479,image_1155,3075,image_1031,3201
1301,image_0406,image_0425,1371,image_0469,1556,image_0422,1556
1302,image_0532,image_1194,1800,image_0095,1975,image_1068,2211
1303,image_0476,image_0405,0,image_0797,3012,image_0791,4332
1304,image_1224,image_1221,887,image_1267,1007,image_1208,1246
1305,image_0557,image_0291,11423,image_0845,11558,image_0591,12385
1306,image_0592,image_1129,1268,image_1196,1477,image_1174,1483
1307,image_0090,image_0100,8,image_0922,924,image_0934,1055
1308,image_0576,image_0845,533,image_0591,979,image_0875,1295
1309,image_0307,image_1196,1147,image_0503,1319,image_0237,1577
1310,image_1335,image_0212,2248,image_0221,2253,image_1073,2275
1311,image_0234,image_1236,347,image_0097,432,image_1166,437
1312,image_0091,image_0799,1610,image_0791,1631,image_0797,1658
1313,image_0315,image_0591,1709,image_0291,2149,image_0845,2374
1314,image_0997,image_1133,1746,image_1164,1807,image_0591,1828
1315,image_0079,image_0557,2412,image_0537,2641,image_0257,3056
1316,image_0327,image_0345,409,image_0845,421,image_0457,471
1317,image_0308,image_1137,2093,image_0635,2133,image_1164,2177
1318,image_0198,image_0097,1251,image_0142,1275,image_1133,1322
1319,image_0239,image_1121,1907,image_1166,3123,image_1170,3174
1320,image_0610,image_0085,2491,image_0068,2597,image_0596,3098
1321,image_1297,image_0272,3458,image_0284,3873,image_0237,3960
1322,image_0599,image_0257,1588,image_0193,1594,image_0791,2307
1323,image_1064,image_1115,1781,image_0060,1966,image_1198,1992
1324,image_0020,image_0040,507,image_0948,918,image_0591,997
1325,image_1272,image_0234,751,image_1339,982,image_1236,1076
1326,image_0187,image_1166,2054,image_0566,2354,image_1121,3048
1327,image_0191,image_0210,2413,image_0167,2651,image_0528,2931
1328,image_1015,image_0994,172,image_0948,592,image_1006,748
1329,image_0145,image_0122,330,image_0089,442,image_0142,456
1330,image_0883,image_0104,1573,image_1031,1600,image_1014,1606
1331,image_0418,image_0446,0,image_1325,3321,image_0591,3331
1332,image_1277,image_1325,707,image_1339,768,image_0200,970
1333,image_0010,image_1306,1729,image_0597,1753,image_0739,1806
1334,image_0357,image_0591,1454,image_0363,1580,image_0316,1612
1335,image_0048,image_0014,0,image_0797,2516,image_0404,3209
1336,image_0631,image_0140,1970,image_0183,2052,image_0625,2088
1337,image_1091,image_1074,225,image_1082,1343,image_1066,1653
1338,image_0416,image_1217,1375,image_0085,1389,image_0101,1595
1339,image_0045,image_0535,978,image_1164,1022,image_1135,1041
1340,image_1065,image_0257,1875,image_1336,2944,image_0115,3745
1341,image_0598,image_0597,260,image_0845,524,image_0822,741
1342,image_0921,image_0882,0,image_1292,2929,image_0071,3069
1343,image_1248,image_1226,0,image_0557,778,image_0856,2929
1344,image_1096,image_1075,1417,image_0237,1457,image_0168,1573
1345,image_0645,image_1011,2689,image_0992,2689,image_0797,2900
1346,image_1018,image_0993,0,image_1142,700,image_1176,701
1347,image_0792,image_0996,1807,image_0903,1829,image_1183,1841
1348,image_0801,image_1354,751,image_0257,925,image_0557,930
1349,image_0900,image_0597,891,image_1135,1011,image_0845,1063
1350,image_0834,image_1277,943,image_0557,1004,image_1339,1028
1351,image_0260,image_0095,3057,image_0130,3081,image_0625,3098
1352,image_1223,image_1238,1087,image_0557,1280,image_0461,1452
1353,image_0221,image_0234,1005,image_0875,1173,image_0237,1190
1354,image_0475,image_0403,0,image_0845,1168,image_0591,1260
1355,image_0682,image_0654,676,image_0207,1451,image_0612,1496
1356,image_1342,image_0867,1871,image_1336,1893,image_1354,2180
1357,image_1025,image_1140,1969,image_1187,2769,image_1180,2803
1358,image_1061,image_1354,2384,image_0500,2635,image_1336,2742
1359,image_0134,image_1267,1323,image_1099,1427,image_0335,1448
